epoch,time,train/box_loss,train/cls_loss,train/dfl_loss,metrics/precision(B),metrics/recall(B),metrics/mAP50(B),metrics/mAP50-95(B),val/box_loss,val/cls_loss,val/dfl_loss,lr/pg0,lr/pg1,lr/pg2,lr/pg3,lr/pg4,lr/pg5,lr/pg6,lr/pg7
1,6.52152,4.1079,3.90102,1.46916,0,0,0,0,3.64687,3.66346,1.19502,0.0015,0.0005,0.0015,0.0005,0.0965,0.0955,0.0015,0.0005
2,9.91169,3.57294,3.60725,1.39456,0.00091,0.00184,1e-05,0,3.62681,3.50596,1.29189,0.00327822,0.00109274,0.00327822,0.00109274,0.0922782,0.0900927,0.00327822,0.00109274
3,12.9017,2.78165,2.70085,1.14502,0.00061,0.00123,0,0,3.50281,3.3554,1.25582,0.00503268,0.00167756,0.00503268,0.00167756,0.0880327,0.0846776,0.00503268,0.00167756
4,16.3655,2.76167,2.15142,1.11825,0.00121,0.00246,1e-05,0,3.63441,3.27184,1.3075,0.00676338,0.00225446,0.00676338,0.00225446,0.0837634,0.0792545,0.00676338,0.00225446
5,20.1958,2.65697,1.91757,1.0717,0.00212,0.0043,1e-05,0,3.184,3.14773,1.09371,0.00847032,0.00282344,0.00847032,0.00282344,0.0794703,0.0738234,0.00847032,0.00282344
6,23.1385,2.7077,1.97897,1.10923,0.00455,0.00921,0.00013,8e-05,3.3429,3.09139,1.18362,0.0101535,0.0033845,0.0101535,0.0033845,0.0751535,0.0683845,0.0101535,0.0033845
7,26.3517,2.58147,1.83835,1.05183,0.01091,0.0221,0.00143,0.00029,3.1159,3.00871,1.09505,0.0118129,0.00393764,0.0118129,0.00393764,0.0708129,0.0629376,0.0118129,0.00393764
8,29.6339,2.43884,1.90739,1.01887,0.02364,0.04788,0.00529,0.00134,3.19101,2.86726,1.12633,0.0134486,0.00448286,0.0134486,0.00448286,0.0664486,0.0574829,0.0134486,0.00448286
9,32.8953,2.69565,1.81344,1.09914,0.0497,0.10068,0.01901,0.00474,3.22566,2.77659,1.16583,0.0150605,0.00502016,0.0150605,0.00502016,0.0620605,0.0520202,0.0150605,0.00502016
10,36.1525,2.58513,1.85785,1.04536,0.09242,0.18723,0.05482,0.0144,3.13469,2.66972,1.13908,0.0166486,0.00554954,0.0166486,0.00554954,0.0576486,0.0465495,0.0166486,0.00554954
11,39.6239,2.55131,1.77108,1.05824,0.09364,0.18969,0.05552,0.01424,3.22423,2.62585,1.14037,0.018213,0.006071,0.018213,0.006071,0.053213,0.041071,0.018213,0.006071
12,42.3512,2.62739,1.8285,1.02849,0.1203,0.24371,0.0716,0.01742,3.21672,2.38238,1.17028,0.0197536,0.00658454,0.0197536,0.00658454,0.0487536,0.0355845,0.0197536,0.00658454
13,45.8919,2.49623,1.80918,1.03024,0.16488,0.26397,0.07234,0.01942,3.22431,2.04124,1.16383,0.0212705,0.00709016,0.0212705,0.00709016,0.0442705,0.0300902,0.0212705,0.00709016
14,49.4053,2.49911,1.82858,1.04624,0.12909,0.26151,0.103,0.02652,3.13103,2.38583,1.11225,0.0227636,0.00758786,0.0227636,0.00758786,0.0397636,0.0245879,0.0227636,0.00758786
15,52.169,2.46486,1.80574,1.02485,0.13061,0.26458,0.10537,0.02593,3.21463,2.18417,1.16281,0.0242329,0.00807764,0.0242329,0.00807764,0.0352329,0.0190776,0.0242329,0.00807764
16,55.0044,2.67585,1.77811,1.09653,0.22541,0.24432,0.10795,0.02827,3.20948,1.94309,1.22188,0.0256785,0.0085595,0.0256785,0.0085595,0.0306785,0.0135595,0.0256785,0.0085595
17,57.5986,2.50469,1.83126,1.07004,0.18897,0.25046,0.0912,0.01916,3.45755,2.09284,1.30307,0.026832,0.008944,0.026832,0.008944,0.026832,0.008944,0.026832,0.008944
18,60.6442,2.61222,1.84829,1.04138,0.28517,0.22038,0.10694,0.03,3.22379,1.69537,1.20906,0.026634,0.008878,0.026634,0.008878,0.026634,0.008878,0.026634,0.008878
19,64.0379,2.6188,1.78638,1.06378,0.19154,0.21056,0.07829,0.018,3.39703,1.7372,1.2532,0.026436,0.008812,0.026436,0.008812,0.026436,0.008812,0.026436,0.008812
20,67.1032,2.60897,1.75859,1.05431,0.31871,0.20749,0.10157,0.03073,3.35188,1.81573,1.2782,0.026238,0.008746,0.026238,0.008746,0.026238,0.008746,0.026238,0.008746
21,70.3254,2.63464,1.72206,1.0491,0.22163,0.19767,0.10042,0.02687,3.37042,1.71679,1.2512,0.02604,0.00868,0.02604,0.00868,0.02604,0.00868,0.02604,0.00868
22,73.312,2.58967,1.71029,1.06803,0.2359,0.20135,0.06067,0.01877,3.50942,2.04484,1.37242,0.025842,0.008614,0.025842,0.008614,0.025842,0.008614,0.025842,0.008614
23,76.0421,2.4707,1.66602,1.03138,0.31548,0.31492,0.12869,0.02564,3.09432,1.9192,1.0737,0.025644,0.008548,0.025644,0.008548,0.025644,0.008548,0.025644,0.008548
24,79.1604,2.50439,1.64841,1.01657,0.29965,0.24064,0.11513,0.03114,3.14654,1.68525,1.16022,0.025446,0.008482,0.025446,0.008482,0.025446,0.008482,0.025446,0.008482
25,82.2858,2.42218,1.58359,1.02111,0.27285,0.23979,0.0927,0.02068,3.25322,1.81274,1.17497,0.025248,0.008416,0.025248,0.008416,0.025248,0.008416,0.025248,0.008416
26,85.6318,2.47423,1.58639,1.0061,0.30524,0.22897,0.1111,0.02535,3.10109,1.79382,1.14885,0.02505,0.00835,0.02505,0.00835,0.02505,0.00835,0.02505,0.00835
27,89.0551,2.41672,1.55958,1.02232,0.29332,0.28852,0.10907,0.02391,3.18546,2.62851,1.16157,0.024852,0.008284,0.024852,0.008284,0.024852,0.008284,0.024852,0.008284
28,92.3017,2.5091,1.66806,1.04545,0.36658,0.24064,0.15056,0.04199,3.18856,1.67295,1.14783,0.024654,0.008218,0.024654,0.008218,0.024654,0.008218,0.024654,0.008218
29,95.3756,2.44744,1.56145,1.02594,0.31404,0.27195,0.14311,0.04288,3.24372,2.66344,1.21248,0.024456,0.008152,0.024456,0.008152,0.024456,0.008152,0.024456,0.008152
30,98.4211,2.41099,1.50961,1.04567,0.31497,0.30632,0.15489,0.04386,3.12587,2.70762,1.20971,0.024258,0.008086,0.024258,0.008086,0.024258,0.008086,0.024258,0.008086
31,101.663,2.37999,1.64502,1.00043,0.338,0.24678,0.13223,0.03643,3.10417,1.61326,1.11497,0.02406,0.00802,0.02406,0.00802,0.02406,0.00802,0.02406,0.00802
32,104.822,2.3665,1.63687,0.99078,0.26999,0.19828,0.07293,0.01915,3.22289,1.86644,1.16705,0.023862,0.007954,0.023862,0.007954,0.023862,0.007954,0.023862,0.007954
33,127.384,2.36168,1.57551,1.01831,0.45555,0.37508,0.23848,0.05721,2.87306,3.1574,1.03963,0.023664,0.007888,0.023664,0.007888,0.023664,0.007888,0.023664,0.007888
34,130.887,2.41736,1.56226,1.0257,0.24674,0.18539,0.06188,0.01589,3.44546,3.70167,1.31267,0.023466,0.007822,0.023466,0.007822,0.023466,0.007822,0.023466,0.007822
35,133.854,2.34993,1.5347,0.97837,0.31379,0.34991,0.14821,0.03608,2.98994,1.84332,1.09,0.023268,0.007756,0.023268,0.007756,0.023268,0.007756,0.023268,0.007756
36,137.656,2.38053,1.54314,0.99405,0.29715,0.23818,0.11835,0.03488,3.10941,1.85826,1.17392,0.02307,0.00769,0.02307,0.00769,0.02307,0.00769,0.02307,0.00769
37,140.45,2.251,1.55147,0.98768,0.32899,0.24951,0.13363,0.03243,3.25368,1.72131,1.20341,0.022872,0.007624,0.022872,0.007624,0.022872,0.007624,0.022872,0.007624
38,165.54,2.41373,1.51827,0.98984,0.2662,0.21854,0.08389,0.02047,3.43894,2.41846,1.25445,0.022674,0.007558,0.022674,0.007558,0.022674,0.007558,0.022674,0.007558
39,170.23,2.22423,1.49389,0.99493,0.23758,0.2124,0.0852,0.01532,3.61577,2.49135,1.34963,0.022476,0.007492,0.022476,0.007492,0.022476,0.007492,0.022476,0.007492
40,173.532,2.29977,1.49561,0.99996,0.3021,0.26212,0.1457,0.05079,3.06803,2.25719,1.11299,0.022278,0.007426,0.022278,0.007426,0.022278,0.007426,0.022278,0.007426
41,176.669,2.13248,1.45683,0.95559,0.26588,0.24739,0.10951,0.03043,3.34247,1.57665,1.18647,0.02208,0.00736,0.02208,0.00736,0.02208,0.00736,0.02208,0.00736
42,179.805,2.38935,1.57461,1.019,0.29062,0.23143,0.08628,0.02739,3.23273,1.72803,1.18873,0.021882,0.007294,0.021882,0.007294,0.021882,0.007294,0.021882,0.007294
43,182.762,2.26369,1.49545,0.97415,0.46654,0.39411,0.27774,0.06032,2.89657,1.51561,1.05403,0.021684,0.007228,0.021684,0.007228,0.021684,0.007228,0.021684,0.007228
44,186.049,2.40803,1.46148,0.9939,0.27853,0.24064,0.0822,0.02671,3.29042,2.09242,1.24303,0.021486,0.007162,0.021486,0.007162,0.021486,0.007162,0.021486,0.007162
45,189.226,2.27019,1.41728,0.99143,0.38191,0.29957,0.16943,0.04899,2.95501,1.53567,1.07373,0.021288,0.007096,0.021288,0.007096,0.021288,0.007096,0.021288,0.007096
46,192.32,2.29921,1.37318,0.9993,0.33951,0.23266,0.12442,0.03105,3.32954,2.05547,1.25213,0.02109,0.00703,0.02109,0.00703,0.02109,0.00703,0.02109,0.00703
47,195.507,2.21696,1.49326,0.97884,0.35134,0.33026,0.18368,0.04024,3.01735,1.62961,1.07138,0.020892,0.006964,0.020892,0.006964,0.020892,0.006964,0.020892,0.006964
48,198.514,2.22263,1.51831,0.97231,0.41664,0.40945,0.24819,0.06297,2.86192,1.49494,1.04627,0.020694,0.006898,0.020694,0.006898,0.020694,0.006898,0.020694,0.006898
49,201.749,2.26796,1.42992,0.9956,0.38298,0.32106,0.17806,0.04689,2.9428,1.62471,1.09714,0.020496,0.006832,0.020496,0.006832,0.020496,0.006832,0.020496,0.006832
50,211.237,2.37501,1.48372,0.96409,0.35771,0.34622,0.17008,0.03865,3.07655,1.83562,1.09226,0.020298,0.006766,0.020298,0.006766,0.020298,0.006766,0.020298,0.006766
51,213.876,2.20924,1.4117,0.97024,0.32427,0.3008,0.12061,0.02744,3.00229,1.58474,1.07288,0.0201,0.0067,0.0201,0.0067,0.0201,0.0067,0.0201,0.0067
52,217.232,2.23228,1.33898,0.98558,0.24854,0.32965,0.08876,0.01985,3.05625,2.07921,1.12112,0.019902,0.006634,0.019902,0.006634,0.019902,0.006634,0.019902,0.006634
53,220.554,2.21792,1.46605,0.98392,0.20554,0.26554,0.06756,0.01836,3.0413,1.78513,1.10976,0.019704,0.006568,0.019704,0.006568,0.019704,0.006568,0.019704,0.006568
54,223.383,2.2566,1.43166,0.95779,0.34524,0.3849,0.19717,0.04321,2.87508,1.56614,1.05806,0.019506,0.006502,0.019506,0.006502,0.019506,0.006502,0.019506,0.006502
55,226.207,2.29352,1.48183,1.00922,0.32133,0.28852,0.12281,0.03198,2.97309,1.51473,1.10084,0.019308,0.006436,0.019308,0.006436,0.019308,0.006436,0.019308,0.006436
56,229.409,2.25817,1.46675,0.98532,0.36258,0.26397,0.15519,0.04714,2.90805,1.56221,1.0814,0.01911,0.00637,0.01911,0.00637,0.01911,0.00637,0.01911,0.00637
57,232.691,2.12532,1.48017,0.96985,0.38862,0.23573,0.16505,0.06049,2.99238,1.54633,1.10005,0.018912,0.006304,0.018912,0.006304,0.018912,0.006304,0.018912,0.006304
58,235.71,2.16592,1.35563,0.9916,0.36326,0.35789,0.16031,0.0403,2.86767,1.48885,1.05484,0.018714,0.006238,0.018714,0.006238,0.018714,0.006238,0.018714,0.006238
59,238.997,2.23507,1.31517,0.98948,0.30269,0.33702,0.13939,0.03253,2.9045,1.55548,1.05788,0.018516,0.006172,0.018516,0.006172,0.018516,0.006172,0.018516,0.006172
60,241.842,2.29409,1.53807,0.95539,0.32718,0.37876,0.1435,0.03064,2.93736,1.79972,1.03926,0.018318,0.006106,0.018318,0.006106,0.018318,0.006106,0.018318,0.006106
61,244.933,2.15422,1.44111,0.96799,0.3591,0.35359,0.16875,0.04249,2.83146,1.60107,1.03504,0.01812,0.00604,0.01812,0.00604,0.01812,0.00604,0.01812,0.00604
62,247.63,2.17844,1.36624,0.97355,0.30273,0.27624,0.14548,0.02324,3.31131,1.86208,1.1416,0.017922,0.005974,0.017922,0.005974,0.017922,0.005974,0.017922,0.005974
63,250.483,2.14334,1.47544,0.96629,0.26612,0.27563,0.1053,0.03118,2.91417,1.67677,1.06734,0.017724,0.005908,0.017724,0.005908,0.017724,0.005908,0.017724,0.005908
64,253.451,2.15846,1.32533,0.95614,0.32689,0.3229,0.15188,0.04331,2.77257,1.56551,1.04044,0.017526,0.005842,0.017526,0.005842,0.017526,0.005842,0.017526,0.005842
65,256.15,2.16263,1.4196,0.97715,0.35519,0.30433,0.14964,0.04455,2.88637,1.50323,1.07054,0.017328,0.005776,0.017328,0.005776,0.017328,0.005776,0.017328,0.005776
66,258.647,2.19062,1.42111,0.97201,0.35615,0.39533,0.18206,0.04749,2.8445,1.65786,1.06015,0.01713,0.00571,0.01713,0.00571,0.01713,0.00571,0.01713,0.00571
67,261.832,2.14088,1.38988,0.97353,0.19888,0.15715,0.0468,0.01162,3.59088,2.00583,1.31571,0.016932,0.005644,0.016932,0.005644,0.016932,0.005644,0.016932,0.005644
68,264.819,2.22061,1.36512,0.97314,0.32832,0.27125,0.13973,0.02423,3.45794,1.68052,1.20887,0.016734,0.005578,0.016734,0.005578,0.016734,0.005578,0.016734,0.005578
69,268.037,2.18599,1.33021,0.95273,0.32594,0.25721,0.13527,0.02805,3.32991,1.61177,1.17713,0.016536,0.005512,0.016536,0.005512,0.016536,0.005512,0.016536,0.005512
70,270.581,2.13278,1.40368,0.96109,0.40051,0.31983,0.1662,0.04383,2.99261,1.40793,1.07161,0.016338,0.005446,0.016338,0.005446,0.016338,0.005446,0.016338,0.005446
71,273.768,2.16381,1.38635,0.95826,0.31956,0.26212,0.12269,0.04331,3.00238,1.4781,1.10049,0.01614,0.00538,0.01614,0.00538,0.01614,0.00538,0.01614,0.00538
72,276.878,2.18076,1.37714,0.96194,0.34064,0.28177,0.15097,0.0574,2.94198,1.44771,1.06997,0.015942,0.005314,0.015942,0.005314,0.015942,0.005314,0.015942,0.005314
73,279.625,2.11058,1.31823,0.9496,0.39178,0.32842,0.20352,0.06562,2.82994,1.4243,1.02552,0.015744,0.005248,0.015744,0.005248,0.015744,0.005248,0.015744,0.005248
74,283.606,2.15807,1.39943,0.94458,0.37635,0.35666,0.21226,0.06226,2.84777,1.44566,1.02224,0.015546,0.005182,0.015546,0.005182,0.015546,0.005182,0.015546,0.005182
75,286.633,2.22898,1.37835,0.96739,0.35472,0.30945,0.18168,0.06436,2.85685,1.44615,1.05461,0.015348,0.005116,0.015348,0.005116,0.015348,0.005116,0.015348,0.005116
76,289.935,2.22461,1.34135,0.99998,0.3721,0.38367,0.19936,0.05552,2.77351,1.46786,1.02607,0.01515,0.00505,0.01515,0.00505,0.01515,0.00505,0.01515,0.00505
77,293.204,2.30879,1.31844,0.97012,0.32676,0.34929,0.18138,0.06014,2.78011,1.57097,1.02959,0.014952,0.004984,0.014952,0.004984,0.014952,0.004984,0.014952,0.004984
78,296.661,2.32021,1.40382,0.96777,0.30958,0.283,0.16203,0.04573,3.15653,1.8512,1.12746,0.014754,0.004918,0.014754,0.004918,0.014754,0.004918,0.014754,0.004918
79,299.934,2.14898,1.30783,0.97133,0.30114,0.33026,0.18694,0.0594,3.05838,1.50178,1.09433,0.014556,0.004852,0.014556,0.004852,0.014556,0.004852,0.014556,0.004852
80,302.562,2.09835,1.38086,0.94679,0.32736,0.30387,0.19101,0.06535,3.00391,1.46062,1.06987,0.014358,0.004786,0.014358,0.004786,0.014358,0.004786,0.014358,0.004786
81,305.581,2.15317,1.34889,0.95143,0.32749,0.28238,0.18431,0.05851,3.03393,1.46302,1.07476,0.01416,0.00472,0.01416,0.00472,0.01416,0.00472,0.01416,0.00472
82,308.197,2.17365,1.39139,0.99286,0.39625,0.40611,0.2827,0.09182,2.70829,1.44747,1.02259,0.013962,0.004654,0.013962,0.004654,0.013962,0.004654,0.013962,0.004654
83,311.301,2.10732,1.36514,0.95502,0.38874,0.39288,0.27242,0.0886,2.74033,1.43175,1.03808,0.013764,0.004588,0.013764,0.004588,0.013764,0.004588,0.013764,0.004588
84,313.981,2.11016,1.30004,0.95393,0.33424,0.36832,0.16042,0.03819,2.95926,1.68915,1.0448,0.013566,0.004522,0.013566,0.004522,0.013566,0.004522,0.013566,0.004522
85,317.082,2.21739,1.29968,0.95314,0.32826,0.30448,0.16659,0.05078,2.94573,1.65892,1.0659,0.013368,0.004456,0.013368,0.004456,0.013368,0.004456,0.013368,0.004456
86,319.652,2.08573,1.26096,0.93778,0.31353,0.37446,0.19506,0.05604,2.95249,1.70271,1.05144,0.01317,0.00439,0.01317,0.00439,0.01317,0.00439,0.01317,0.00439
87,322.278,2.07044,1.31425,0.9418,0.37405,0.36464,0.21721,0.06066,2.8545,1.62425,1.04,0.012972,0.004324,0.012972,0.004324,0.012972,0.004324,0.012972,0.004324
88,325.464,2.15949,1.32816,0.94124,0.3117,0.33517,0.19132,0.06473,2.91299,1.72541,1.04591,0.012774,0.004258,0.012774,0.004258,0.012774,0.004258,0.012774,0.004258
89,328.589,2.10362,1.27434,0.94771,0.33347,0.2787,0.16725,0.06344,2.92299,1.64267,1.07627,0.012576,0.004192,0.012576,0.004192,0.012576,0.004192,0.012576,0.004192
90,331.812,2.13692,1.28079,0.95318,0.34111,0.32535,0.19202,0.06121,2.94291,1.70627,1.0541,0.012378,0.004126,0.012378,0.004126,0.012378,0.004126,0.012378,0.004126
91,334.516,2.12079,1.31757,0.96768,0.29067,0.29834,0.16325,0.05802,2.98381,1.78278,1.07864,0.01218,0.00406,0.01218,0.00406,0.01218,0.00406,0.01218,0.00406
92,337.843,2.10519,1.26124,0.96981,0.33481,0.25831,0.16002,0.06284,3.00775,1.71938,1.08918,0.011982,0.003994,0.011982,0.003994,0.011982,0.003994,0.011982,0.003994
93,341.184,2.17994,1.27384,0.94364,0.33744,0.27747,0.17449,0.06414,2.91064,1.66715,1.04509,0.011784,0.003928,0.011784,0.003928,0.011784,0.003928,0.011784,0.003928
94,344.519,2.18253,1.249,0.96993,0.35336,0.29405,0.18386,0.06968,2.86981,1.67744,1.04499,0.011586,0.003862,0.011586,0.003862,0.011586,0.003862,0.011586,0.003862
95,347.928,2.11751,1.24617,0.93911,0.36747,0.26458,0.16889,0.06523,2.91164,1.70291,1.0584,0.011388,0.003796,0.011388,0.003796,0.011388,0.003796,0.011388,0.003796
96,351.018,2.08236,1.24165,0.94442,0.31906,0.31185,0.18637,0.06602,2.83065,1.59918,1.02932,0.01119,0.00373,0.01119,0.00373,0.01119,0.00373,0.01119,0.00373
97,354.118,2.06096,1.18069,0.94532,0.41787,0.2744,0.18215,0.06768,2.89638,1.64095,1.05841,0.010992,0.003664,0.010992,0.003664,0.010992,0.003664,0.010992,0.003664
98,357.305,2.13113,1.34854,0.95401,0.41749,0.27686,0.17922,0.06232,2.81194,1.68816,1.02106,0.010794,0.003598,0.010794,0.003598,0.010794,0.003598,0.010794,0.003598
99,360.373,2.05371,1.32108,0.96974,0.41255,0.31815,0.22483,0.08461,2.77085,1.55343,1.02269,0.010596,0.003532,0.010596,0.003532,0.010596,0.003532,0.010596,0.003532
100,363.559,2.03307,1.22095,0.957,0.46173,0.2701,0.2371,0.08306,2.93723,1.65393,1.05477,0.010398,0.003466,0.010398,0.003466,0.010398,0.003466,0.010398,0.003466
101,367.028,2.14074,1.22206,0.97438,0.48264,0.27808,0.24363,0.08722,2.82123,1.59172,1.03726,0.0102,0.0034,0.0102,0.0034,0.0102,0.0034,0.0102,0.0034
102,370.483,2.03791,1.13534,0.94857,0.30063,0.3229,0.20503,0.07788,2.83174,1.73354,1.03488,0.010002,0.003334,0.010002,0.003334,0.010002,0.003334,0.010002,0.003334
103,373.589,2.12204,1.31119,0.95296,0.41244,0.47084,0.33085,0.10045,2.64974,1.47021,0.99326,0.009804,0.003268,0.009804,0.003268,0.009804,0.003268,0.009804,0.003268
104,376.793,2.15963,1.24606,0.95275,0.40005,0.42296,0.27622,0.09202,2.78977,1.31852,1.03123,0.009606,0.003202,0.009606,0.003202,0.009606,0.003202,0.009606,0.003202
105,379.749,2.05857,1.34363,0.94861,0.47452,0.37876,0.23917,0.07715,2.79733,1.30114,1.0341,0.009408,0.003136,0.009408,0.003136,0.009408,0.003136,0.009408,0.003136
106,382.474,2.04333,1.23812,0.94435,0.47363,0.36955,0.27045,0.08792,2.78847,1.3333,1.03146,0.00921,0.00307,0.00921,0.00307,0.00921,0.00307,0.00921,0.00307
107,392.616,2.1235,1.21712,0.95765,0.4125,0.32542,0.24517,0.07494,2.95566,1.4396,1.06635,0.009012,0.003004,0.009012,0.003004,0.009012,0.003004,0.009012,0.003004
108,395.717,2.1399,1.23583,0.95192,0.4429,0.29405,0.24046,0.08295,2.84697,1.48472,1.04252,0.008814,0.002938,0.008814,0.002938,0.008814,0.002938,0.008814,0.002938
109,399.102,2.06824,1.18883,0.9309,0.38236,0.29642,0.17258,0.04861,3.09564,1.5497,1.10538,0.008616,0.002872,0.008616,0.002872,0.008616,0.002872,0.008616,0.002872
110,402.201,2.01678,1.22598,0.93691,0.37779,0.27808,0.15031,0.04339,3.12947,1.56489,1.12027,0.008418,0.002806,0.008418,0.002806,0.008418,0.002806,0.008418,0.002806
111,405.168,2.05416,1.26386,0.93559,0.38303,0.26826,0.16712,0.04504,3.14837,1.56987,1.10373,0.00822,0.00274,0.00822,0.00274,0.00822,0.00274,0.00822,0.00274
112,408.173,2.14459,1.26739,0.94319,0.44452,0.26949,0.21436,0.06945,2.93432,1.44769,1.05732,0.008022,0.002674,0.008022,0.002674,0.008022,0.002674,0.008022,0.002674
113,411.157,2.03258,1.27519,0.92941,0.37811,0.40945,0.26669,0.08769,2.72601,1.41324,1.02007,0.007824,0.002608,0.007824,0.002608,0.007824,0.002608,0.007824,0.002608
114,414.475,2.01892,1.26577,0.94802,0.32888,0.37508,0.19174,0.06173,2.8926,1.38561,1.05836,0.007626,0.002542,0.007626,0.002542,0.007626,0.002542,0.007626,0.002542
115,417.215,1.99578,1.23062,0.93344,0.35985,0.40884,0.22547,0.07621,2.72457,1.36684,1.02229,0.007428,0.002476,0.007428,0.002476,0.007428,0.002476,0.007428,0.002476
116,434.068,2.13574,1.20524,0.95251,0.36829,0.37569,0.20375,0.06333,2.90934,1.38042,1.06704,0.00723,0.00241,0.00723,0.00241,0.00723,0.00241,0.00723,0.00241
117,437.273,2.06253,1.20599,0.95369,0.33313,0.34868,0.19717,0.05409,3.11002,1.44459,1.11629,0.007032,0.002344,0.007032,0.002344,0.007032,0.002344,0.007032,0.002344
118,440.189,2.03869,1.24131,0.93996,0.46464,0.26581,0.20106,0.05599,3.10729,1.45609,1.10314,0.006834,0.002278,0.006834,0.002278,0.006834,0.002278,0.006834,0.002278
119,443.235,2.0197,1.23906,0.93672,0.4924,0.26499,0.20845,0.05868,3.06273,1.47071,1.0871,0.006636,0.002212,0.006636,0.002212,0.006636,0.002212,0.006636,0.002212
120,445.766,2.0061,1.23648,0.94624,0.46519,0.26484,0.19414,0.04067,3.25076,1.59683,1.14044,0.006438,0.002146,0.006438,0.002146,0.006438,0.002146,0.006438,0.002146
121,448.601,1.98683,1.25001,0.9493,0.52213,0.28729,0.2528,0.08323,2.87966,1.39447,1.0469,0.00624,0.00208,0.00624,0.00208,0.00624,0.00208,0.00624,0.00208
122,451.396,1.99464,1.19096,0.93307,0.5743,0.27072,0.2483,0.09173,2.80683,1.5237,1.03478,0.006042,0.002014,0.006042,0.002014,0.006042,0.002014,0.006042,0.002014
123,453.853,2.0577,1.23834,0.95129,0.54168,0.28484,0.26989,0.08565,2.76292,1.49221,1.03406,0.005844,0.001948,0.005844,0.001948,0.005844,0.001948,0.005844,0.001948
124,456.912,2.05676,1.20383,0.95471,0.42175,0.43401,0.30872,0.09092,2.71566,1.44727,1.02544,0.005646,0.001882,0.005646,0.001882,0.005646,0.001882,0.005646,0.001882
125,460.089,1.99235,1.18628,0.94061,0.40859,0.37753,0.26729,0.09212,2.74367,1.39116,1.03504,0.005448,0.001816,0.005448,0.001816,0.005448,0.001816,0.005448,0.001816
126,463.401,2.07059,1.17499,0.93165,0.4093,0.35482,0.22193,0.07545,2.86877,1.38386,1.06665,0.00525,0.00175,0.00525,0.00175,0.00525,0.00175,0.00525,0.00175
127,466.714,1.96411,1.18238,0.92443,0.41677,0.30018,0.1929,0.06702,2.87933,1.41827,1.07688,0.005052,0.001684,0.005052,0.001684,0.005052,0.001684,0.005052,0.001684
128,469.852,2.05991,1.17665,0.93183,0.48211,0.28791,0.20306,0.07473,2.77836,1.45776,1.05172,0.004854,0.001618,0.004854,0.001618,0.004854,0.001618,0.004854,0.001618
129,473.289,2.02144,1.16948,0.93389,0.4979,0.29896,0.2199,0.07732,2.75703,1.49513,1.03881,0.004656,0.001552,0.004656,0.001552,0.004656,0.001552,0.004656,0.001552
130,476.463,2.01115,1.22013,0.91903,0.51104,0.29963,0.21827,0.07553,2.76925,1.48392,1.0407,0.004458,0.001486,0.004458,0.001486,0.004458,0.001486,0.004458,0.001486
131,479.62,2.07688,1.21033,0.93381,0.54019,0.30264,0.23457,0.07949,2.75373,1.49605,1.02835,0.00426,0.00142,0.00426,0.00142,0.00426,0.00142,0.00426,0.00142
132,482.445,2.05255,1.18563,0.94976,0.51652,0.30627,0.25263,0.08495,2.7669,1.49317,1.02738,0.004062,0.001354,0.004062,0.001354,0.004062,0.001354,0.004062,0.001354
133,485.372,1.95125,1.19496,0.92784,0.54702,0.30816,0.27675,0.09753,2.7771,1.47093,1.03578,0.003864,0.001288,0.003864,0.001288,0.003864,0.001288,0.003864,0.001288
134,488.181,2.01399,1.23758,0.91319,0.53528,0.3186,0.30662,0.10015,2.74534,1.52074,1.02199,0.003666,0.001222,0.003666,0.001222,0.003666,0.001222,0.003666,0.001222
135,491.456,2.0366,1.14746,0.93232,0.4011,0.40086,0.31993,0.09994,2.70855,1.58538,1.0146,0.003468,0.001156,0.003468,0.001156,0.003468,0.001156,0.003468,0.001156
136,494.806,2.08501,1.16675,0.95413,0.4057,0.41314,0.31802,0.09824,2.68313,1.5768,1.0114,0.00327,0.00109,0.00327,0.00109,0.00327,0.00109,0.00327,0.00109
137,497.506,1.9903,1.23834,0.93842,0.42829,0.43642,0.31524,0.09873,2.71731,1.44583,1.03313,0.003072,0.001024,0.003072,0.001024,0.003072,0.001024,0.003072,0.001024
138,500.704,2.10778,1.15001,0.92488,0.45214,0.46961,0.34284,0.10011,2.69737,1.40411,1.0308,0.002874,0.000958,0.002874,0.000958,0.002874,0.000958,0.002874,0.000958
139,503.919,2.07869,1.17185,0.95397,0.46249,0.46777,0.34679,0.09755,2.69921,1.39175,1.03048,0.002676,0.000892,0.002676,0.000892,0.002676,0.000892,0.002676,0.000892
140,507.139,1.98189,1.17115,0.92798,0.46542,0.469,0.35622,0.10067,2.70578,1.36949,1.03715,0.002478,0.000826,0.002478,0.000826,0.002478,0.000826,0.002478,0.000826
141,510.005,1.99485,1.17933,0.94363,0.45342,0.469,0.35091,0.10756,2.6834,1.39315,1.02966,0.00228,0.00076,0.00228,0.00076,0.00228,0.00076,0.00228,0.00076
142,512.739,2.03712,1.18864,0.93753,0.45681,0.43314,0.35851,0.10877,2.68106,1.45668,1.0186,0.002082,0.000694,0.002082,0.000694,0.002082,0.000694,0.002082,0.000694
143,515.644,1.95299,1.19141,0.92416,0.52333,0.33272,0.32894,0.1053,2.7031,1.45355,1.01916,0.001884,0.000628,0.001884,0.000628,0.001884,0.000628,0.001884,0.000628
144,518.481,2.06639,1.22733,0.93491,0.54502,0.31547,0.29485,0.09756,2.72056,1.44904,1.02315,0.001686,0.000562,0.001686,0.000562,0.001686,0.000562,0.001686,0.000562
145,521.197,2.07841,1.26167,0.94358,0.51294,0.31001,0.26915,0.09132,2.72302,1.4478,1.02438,0.001488,0.000496,0.001488,0.000496,0.001488,0.000496,0.001488,0.000496
146,523.943,1.96917,1.21992,0.92254,0.51583,0.31369,0.2653,0.0909,2.70996,1.45281,1.02271,0.00129,0.00043,0.00129,0.00043,0.00129,0.00043,0.00129,0.00043
147,526.861,1.98272,1.20089,0.9381,0.52675,0.3051,0.25136,0.09014,2.72146,1.4216,1.03325,0.001092,0.000364,0.001092,0.000364,0.001092,0.000364,0.001092,0.000364
148,529.746,2.06537,1.19511,0.92981,0.52592,0.3008,0.24839,0.08917,2.7285,1.41267,1.03686,0.000894,0.000298,0.000894,0.000298,0.000894,0.000298,0.000894,0.000298
149,532.507,1.93339,1.22542,0.92066,0.50918,0.30387,0.24438,0.08832,2.74046,1.40474,1.04185,0.000696,0.000232,0.000696,0.000232,0.000696,0.000232,0.000696,0.000232
150,535.213,2.00445,1.17156,0.92766,0.50045,0.30564,0.24537,0.08852,2.74322,1.40591,1.04165,0.000498,0.000166,0.000498,0.000166,0.000498,0.000166,0.000498,0.000166
